{
    "Ar36": {
        "error": 0.003454050091242904, 
        "fit": "Parabolic", 
        "value": 0.096417786931907959
    }, 
    "Ar37": {
        "error": 0.13380583808542232, 
        "fit": "linear", 
        "value": 21.285482852426114
    }, 
    "Ar38": {
        "error": 0.10084770238889003, 
        "fit": "linear", 
        "value": 0.28066066491269903
    }, 
    "Ar39": {
        "error": 0.063474207794416176, 
        "fit": "Parabolic", 
        "value": 25.894213962954343
    }, 
    "Ar40": {
        "error": 0.12552554476940966, 
        "fit": "Parabolic", 
        "value": 38.500080137643401
    }, 
    "Ar41": {
        "error": 0.098976320627806147, 
        "fit": "linear", 
        "value": -0.00061080091702024088
    }
}